employee_id,overtime_hrs,manager_changes,engagement,left_company
1,304.42,450.19,23,1
2,47.17,268.17,42,0
3,181.66,320.83,60,0
4,173.47,273.63,52,0
5,28.61,442.19,41,0
6,430.16,178.65,46,1
7,27.15,111.57,49,0
8,11.34,192.62,84,0
9,322.04,167.39,94,1
10,30.68,119.35,55,0
11,84.37,320.1,84,0
12,108.51,366.72,62,0
13,253.26,269.82,76,1
14,218.37,59.24,90,0
15,235.44,363.53,42,1
16,344.46,438.04,62,1
17,169.49,87.18,31,0
18,23.62,88.7,60,0
19,256.68,412.31,21,1
20,206.77,358.33,59,1
21,402.6,184.96,69,1
22,496.2,355.58,27,1
23,394.11,156.23,50,1
24,279.35,207.49,81,0
25,141.79,310.17,37,0
26,131.99,276.27,75,0
27,443.84,87.64,25,0
28,496.63,57.84,47,1
29,446.66,239.51,82,1
30,443.31,52.43,37,0
31,474.37,159.33,87,1
32,293.34,280.07,60,1
33,328.13,263.43,54,1
34,37.09,458.23,53,0
35,10.64,342.14,65,0
36,64.83,314.32,67,0
37,289.31,498.22,73,1
38,471.97,100.34,31,1
39,432.06,145.45,78,1
40,89.36,117.34,48,0
41,497.92,370.0,49,1
42,498.46,460.85,58,1
43,119.93,83.14,21,0
44,356.09,436.18,63,1
45,62.4,243.96,91,0
46,58.7,397.86,94,0
47,291.07,289.43,89,1
48,35.02,460.79,59,0
49,280.29,287.26,81,1
50,137.8,476.35,91,1
51,157.29,257.88,73,0
52,37.67,41.84,73,0
53,365.61,137.4,39,0
54,216.9,290.99,78,1
55,404.24,97.66,45,0
56,208.57,170.28,94,0
57,331.53,209.43,82,1
58,199.02,125.31,69,0
59,284.6,81.98,26,0
60,368.01,170.3,27,0
61,381.34,66.13,94,0
62,342.83,130.16,39,0
63,235.74,152.63,74,0
64,278.99,321.23,42,1
65,357.98,352.54,33,1
66,498.6,336.27,37,1
67,45.05,447.48,31,0
68,22.64,395.38,51,0
69,184.8,199.02,80,0
70,131.09,129.6,29,0
71,39.9,397.7,59,0
72,232.56,178.86,24,0
73,236.15,152.52,59,0
74,447.19,230.04,43,1
75,355.93,115.87,69,0
76,383.11,387.21,66,1
77,310.6,282.1,77,1
78,462.49,378.16,77,1
79,263.04,431.16,57,1
80,45.88,214.52,62,0
81,170.41,11.38,86,0
82,294.58,218.28,27,0
83,322.98,425.33,87,1
84,291.0,38.06,70,0
85,490.23,325.01,76,1
86,355.19,177.06,88,1
87,36.7,104.54,31,0
88,471.29,289.1,30,1
89,416.79,399.89,51,1
90,496.88,417.22,35,1
91,242.03,194.52,64,0
92,123.91,91.28,67,0
93,196.5,111.93,70,0
94,267.43,436.33,70,1
95,347.96,81.83,65,0
96,413.4,211.7,74,1
97,253.05,361.71,54,1
98,418.09,197.58,22,1
99,78.85,426.46,20,0
100,181.41,201.83,56,0
101,478.63,461.74,24,1
102,196.87,197.64,79,0
103,350.96,499.78,85,1
104,462.46,167.21,49,1
105,444.16,53.34,82,0
106,74.91,65.04,59,0
107,459.5,157.64,66,1
108,379.09,44.16,90,0
109,32.8,163.16,38,0
110,162.29,22.0,88,0
111,324.52,60.15,88,0
112,455.92,172.71,46,1
113,13.12,490.6,81,1
114,344.16,439.31,33,1
115,462.46,348.3,23,1
116,163.2,347.11,81,1
117,431.19,415.43,75,1
118,270.39,312.21,60,1
119,413.99,396.98,89,1
120,200.9,66.39,60,0
121,67.07,81.19,48,0
122,56.03,460.51,64,0
123,103.16,153.62,82,0
124,495.02,377.69,84,1
125,46.67,394.36,52,0
126,194.72,473.18,28,1
127,478.86,87.55,76,1
128,24.93,27.36,58,0
129,466.9,340.19,56,1
130,347.08,180.37,49,0
131,458.36,223.94,81,1
132,344.76,309.84,79,1
133,50.06,46.55,90,0
134,407.66,58.22,34,0
135,383.97,381.91,82,1
136,435.9,456.69,24,1
137,113.66,47.35,89,0
138,480.38,395.4,27,1
139,327.63,322.28,50,1
140,195.88,328.47,24,0
141,388.98,330.75,91,1
142,212.1,342.91,86,1
143,434.06,171.01,58,1
144,449.58,196.57,70,1
145,326.94,490.42,32,1
146,460.85,160.04,59,1
147,324.75,264.38,49,1
148,148.92,18.81,56,0
149,362.92,475.2,39,1
150,241.19,224.79,27,0
151,297.69,357.71,39,1
152,247.3,240.03,64,0
153,172.03,399.18,70,1
154,84.74,184.87,21,0
155,371.6,87.89,26,0
156,187.4,333.63,61,0
157,304.16,76.0,23,0
158,278.32,31.19,55,0
159,360.51,215.56,30,1
160,466.54,16.67,31,0
161,227.27,341.82,67,1
162,421.15,355.04,56,1
163,266.47,373.11,59,1
164,219.21,376.73,60,1
165,73.1,275.85,69,0
166,346.17,421.31,62,1
167,452.79,471.4,51,1
168,406.86,185.78,82,1
169,305.75,218.29,47,0
170,256.37,352.44,51,1
171,139.87,383.72,70,1
172,54.52,262.87,29,0
173,270.24,493.14,68,1
174,202.71,242.7,88,0
175,403.0,220.98,40,1
176,478.39,379.86,89,1
177,13.88,102.81,60,0
178,314.19,382.88,82,1
179,110.25,315.23,79,0
180,408.73,422.52,25,1
181,362.93,336.93,82,1
182,197.46,378.5,45,1
183,117.96,253.38,64,0
184,226.24,306.87,35,0
185,27.79,32.83,23,0
186,391.48,382.88,42,1
187,118.56,342.83,37,0
188,308.74,353.59,57,1
189,182.45,82.32,31,0
190,251.2,197.1,22,0
191,442.4,302.42,69,1
192,405.81,200.07,21,1
193,381.1,449.68,37,1
194,168.78,183.29,85,0
195,438.15,136.14,54,1
196,362.91,164.53,40,0
197,424.12,301.62,25,1
198,465.14,27.64,52,0
199,289.55,145.7,56,0
200,411.1,36.03,92,0
201,380.39,267.39,32,1
202,498.15,183.75,85,1
203,260.6,326.36,27,1
204,309.68,438.6,91,1
205,259.2,117.05,74,0
206,56.18,118.88,76,0
207,449.74,93.62,62,1
208,88.53,408.03,88,1
209,36.45,84.19,56,0
210,88.01,361.68,70,0
211,147.69,267.8,62,0
212,217.94,414.33,34,1
213,314.27,247.59,57,1
214,447.32,423.68,28,1
215,253.29,308.3,30,1
216,187.27,189.08,93,0
217,306.18,477.99,39,1
218,406.43,161.07,72,1
219,83.34,267.32,74,0
220,347.52,20.91,74,0
221,365.0,334.78,87,1
222,260.87,183.14,31,0
223,384.73,484.53,35,1
224,42.15,278.27,47,0
225,337.72,297.36,21,1
226,213.77,337.47,88,1
227,218.89,367.33,33,1
228,440.26,317.92,31,1
229,443.39,75.39,21,0
230,48.8,325.31,48,0
231,203.65,417.44,63,1
232,232.07,94.59,89,0
233,21.25,432.1,41,0
234,395.66,94.42,89,0
235,174.9,386.54,22,1
236,131.99,174.66,83,0
237,41.42,350.37,44,0
238,379.03,473.52,89,1
239,299.63,347.44,80,1
240,109.54,24.59,59,0
241,350.97,36.33,50,0
242,460.92,16.44,54,0
243,196.76,118.02,22,0
244,62.88,101.99,70,0
245,231.07,307.1,87,1
246,216.16,144.65,31,0
247,323.41,493.51,58,1
248,45.21,197.63,63,0
249,194.15,439.49,74,1
250,495.67,425.2,77,1
251,448.88,390.31,57,1
252,332.92,64.32,41,0
253,197.34,79.39,28,0
254,148.44,195.81,86,0
255,353.46,408.28,26,1
256,391.7,262.23,79,1
257,178.89,34.01,94,0
258,141.56,348.55,93,0
259,186.11,446.87,43,1
260,87.74,290.25,59,0
261,134.49,342.64,51,0
262,224.6,364.59,57,1
263,453.11,420.71,30,1
264,14.19,403.9,52,0
265,246.07,451.36,94,1
266,400.3,81.12,77,0
267,150.26,222.84,87,0
268,149.77,283.87,30,0
269,285.32,55.83,57,0
270,220.06,331.46,69,1
271,42.81,458.71,63,0
272,208.83,483.35,59,1
273,292.72,37.01,84,0
274,483.66,138.26,23,1
275,130.51,309.26,25,0
276,71.29,166.53,65,0
277,178.64,394.11,90,1
278,153.68,87.22,43,0
279,146.12,309.91,37,0
280,403.31,439.17,69,1
281,387.94,460.77,37,1
282,419.33,440.31,53,1
283,44.88,130.63,34,0
284,222.41,402.72,49,1
285,349.32,149.22,37,0
286,167.06,436.56,29,1
287,184.56,292.21,50,0
288,472.52,497.67,72,1
289,138.88,416.22,25,0
290,495.5,388.6,91,1
291,419.38,135.2,72,1
292,87.76,66.17,35,0
293,265.44,134.33,38,0
294,184.11,293.57,81,0
295,154.76,104.22,78,0
296,81.5,439.13,41,0
297,161.18,72.54,38,0
298,407.44,330.51,46,1
299,209.72,385.1,32,1
300,179.57,102.05,28,0
301,325.54,298.72,40,1
302,378.24,235.77,83,1
303,378.66,138.16,56,0
304,263.92,253.13,71,1
305,154.0,456.74,33,1
306,225.35,480.82,78,1
307,40.9,190.74,48,0
308,413.87,97.18,75,1
309,383.5,160.49,40,1
310,129.54,313.99,47,0
311,476.66,476.18,32,1
312,162.42,177.71,67,0
313,463.86,77.49,66,1
314,244.86,382.69,29,1
315,100.91,24.94,22,0
316,357.41,393.62,20,1
317,58.4,261.55,78,0
318,378.34,127.74,79,1
319,288.27,379.63,37,1
320,148.25,302.75,82,0
321,109.96,388.09,87,1
322,24.91,38.62,29,0
323,486.46,220.23,51,1
324,94.38,186.65,81,0
325,104.78,378.66,64,0
326,92.29,230.35,33,0
327,194.61,40.74,66,0
328,189.97,99.04,26,0
329,317.84,271.0,52,1
330,402.1,193.46,66,1
331,465.29,82.24,22,0
332,309.11,155.02,74,0
333,328.74,44.65,83,0
334,78.06,86.86,24,0
335,166.09,492.56,69,1
336,498.43,120.27,69,1
337,130.81,25.73,89,0
338,229.12,322.52,58,1
339,34.53,440.13,74,0
340,458.62,338.6,76,1
341,303.35,197.74,76,0
342,295.15,61.44,42,0
343,79.98,420.6,28,0
344,305.59,323.61,60,1
345,352.03,124.76,50,0
346,173.45,78.8,26,0
347,169.4,75.07,50,0
348,30.79,36.74,59,0
349,29.76,148.15,67,0
350,426.71,385.48,82,1
351,309.93,104.82,35,0
352,267.82,370.98,81,1
353,30.74,381.41,91,0
354,109.88,374.41,37,0
355,228.5,342.66,32,1
356,464.84,453.85,83,1
357,69.96,424.67,90,1
358,462.2,475.33,68,1
359,128.83,130.89,58,0
360,238.32,290.75,38,0
361,34.69,421.31,71,0
362,215.26,331.95,48,1
363,270.91,118.55,23,0
364,109.87,388.98,38,0
365,405.01,60.03,55,0
366,206.56,313.4,34,0
367,496.96,305.4,44,1
368,68.08,484.9,90,1
369,122.27,394.5,57,0
370,150.61,183.06,94,0
371,164.16,161.33,28,0
372,102.23,311.87,29,0
373,163.36,216.99,26,0
374,21.2,446.05,57,0
375,362.5,185.55,55,1
376,32.47,208.4,34,0
377,369.78,271.59,20,1
378,352.66,172.57,75,1
379,479.32,39.13,90,1
380,352.92,146.82,46,0
381,262.48,211.16,70,0
382,30.16,397.8,28,0
383,10.97,381.27,61,0
384,167.91,137.82,27,0
385,262.32,340.48,73,1
386,429.17,59.59,94,0
387,355.04,469.77,42,1
388,13.39,450.81,70,0
389,234.21,257.04,30,0
390,425.45,263.55,43,1
391,120.95,280.33,50,0
392,254.45,172.8,51,0
393,203.21,50.44,33,0
394,267.03,243.15,30,0
395,54.8,115.45,79,0
396,191.5,322.86,45,0
397,270.63,132.23,68,0
398,371.31,29.56,35,0
399,328.36,312.0,38,1
400,55.52,326.13,55,0
401,444.29,41.11,77,0
402,224.86,410.56,50,1
403,290.98,291.22,60,1
404,47.96,156.38,54,0
405,474.22,177.65,90,1
406,204.54,429.78,41,1
407,252.93,205.29,36,0
408,454.14,58.31,72,1
409,150.78,404.51,34,1
410,231.56,85.14,33,0
411,251.57,318.98,87,1
412,174.69,390.54,82,1
413,292.99,296.59,63,1
414,162.58,122.01,69,0
415,269.33,62.43,42,0
416,110.19,268.86,24,0
417,323.9,249.21,74,1
418,144.03,53.36,41,0
419,269.02,229.66,48,0
420,277.58,209.26,66,0
421,43.84,18.41,72,0
422,210.29,44.57,31,0
423,108.19,66.12,47,0
424,31.5,155.38,75,0
425,441.2,59.05,75,0
426,296.02,193.6,22,0
427,259.68,358.93,36,1
428,396.83,111.93,35,0
429,157.24,457.77,62,1
430,327.48,411.34,41,1
431,261.18,432.75,63,1
432,88.87,382.44,90,0
433,192.12,125.63,87,0
434,426.07,288.94,87,1
435,230.48,132.19,30,0
436,310.0,53.09,39,0
437,349.71,232.37,48,1
438,155.75,160.09,86,0
439,350.69,409.04,61,1
440,292.89,410.79,87,1
441,68.18,173.6,30,0
442,410.44,442.48,63,1
443,432.03,479.89,55,1
444,102.62,137.7,65,0
445,444.6,240.09,27,1
446,189.51,97.38,53,0
447,323.03,33.93,37,0
448,293.42,362.43,28,1
449,214.51,336.52,68,1
450,147.41,380.62,26,0
451,55.25,148.29,63,0
452,474.58,375.81,73,1
453,323.85,73.72,20,0
454,431.1,329.22,85,1
455,432.79,168.8,32,1
456,93.14,443.14,49,1
457,230.42,300.68,50,0
458,228.32,110.36,66,0
459,98.37,55.14,47,0
460,142.59,71.48,30,0
461,113.78,140.35,31,0
462,453.93,15.11,50,0
463,200.97,25.38,37,0
464,275.66,95.07,39,0
465,479.0,474.69,37,1
466,144.35,306.47,65,0
467,291.15,241.36,83,1
468,461.25,191.74,68,1
469,348.8,416.39,24,1
470,167.17,41.98,29,0
471,227.36,115.18,63,0
472,364.58,289.76,50,1
473,439.76,406.7,81,1
474,198.46,119.71,92,0
475,156.47,443.26,62,1
476,245.24,403.11,27,1
477,285.99,361.65,40,1
478,138.42,231.97,47,0
479,342.88,373.62,28,1
480,276.09,185.38,44,0
481,273.71,460.9,61,1
482,205.23,420.22,39,1
483,137.69,285.62,77,0
484,192.27,468.44,42,1
485,146.63,173.64,56,0
486,371.2,470.48,27,1
487,211.43,210.34,20,0
488,147.42,236.38,94,0
489,194.23,303.92,94,1
490,434.51,72.31,57,0
491,420.94,130.86,35,1
492,423.58,331.33,62,1
493,65.07,173.92,80,0
494,23.92,456.92,66,0
495,93.82,186.46,68,0
496,93.1,387.39,46,0
497,157.39,489.7,93,1
498,260.72,301.41,21,1
499,406.52,61.78,61,0
500,211.53,128.8,25,0
501,77.5,268.02,65,0
502,280.65,423.86,31,1
503,175.29,370.02,86,1
504,43.46,376.7,35,0
505,249.05,42.94,35,0
506,255.52,450.96,71,1
507,373.94,185.34,45,1
508,147.27,202.49,48,0
509,76.78,270.0,65,0
510,114.61,314.91,85,0
511,83.88,108.47,44,0
512,401.08,357.38,22,1
513,104.67,102.67,43,0
514,73.73,433.29,67,0
515,437.95,19.3,56,0
516,31.19,276.76,31,0
517,356.98,474.7,89,1
518,318.44,107.06,72,0
519,294.25,302.4,63,1
520,494.91,359.96,74,1
521,441.49,47.1,40,0
522,272.01,476.99,20,1
523,200.12,260.15,84,0
524,395.09,58.43,65,0
525,99.15,57.17,62,0
526,10.59,426.68,63,0
527,252.69,129.61,72,0
528,115.54,353.73,39,0
529,259.26,157.71,84,0
530,319.47,467.61,82,1
531,17.1,129.78,51,0
532,206.61,24.09,50,0
533,379.46,444.11,21,1
534,433.0,51.15,28,0
535,129.52,126.3,85,0
536,325.14,499.75,83,1
537,324.29,353.84,69,1
538,349.73,362.03,73,1
539,344.48,118.31,77,0
540,112.32,434.77,76,1
541,87.99,17.17,44,0
542,65.61,451.12,30,0
543,494.52,290.42,84,1
544,291.73,203.86,54,0
545,93.16,121.67,86,0
546,297.33,45.77,85,0
547,272.22,146.08,28,0
548,327.09,455.93,30,1
549,178.9,87.17,44,0
550,494.07,112.82,80,1
551,138.61,430.38,68,1
552,413.59,108.82,78,1
553,402.34,162.02,71,1
554,127.5,209.44,32,0
555,462.96,472.72,54,1
556,160.39,359.67,54,0
557,473.39,445.75,36,1
558,374.69,112.38,75,0
559,342.81,65.36,30,0
560,208.3,23.71,81,0
561,167.58,350.08,42,0
562,150.5,382.28,56,1
563,492.12,239.82,68,1
564,187.81,162.21,22,0
565,93.6,79.38,55,0
566,448.83,229.48,32,1
567,68.49,255.08,78,0
568,291.61,409.89,89,1
569,344.87,57.23,35,0
570,199.42,284.62,70,0
571,414.88,365.76,32,1
572,123.55,273.15,88,0
573,260.91,190.97,77,0
574,192.15,87.17,43,0
575,153.02,312.87,69,0
576,282.02,104.21,42,0
577,388.1,159.28,34,0
578,368.85,464.8,45,1
579,242.69,132.6,23,0
580,10.69,44.99,76,0
581,357.68,487.57,84,1
582,493.31,478.96,35,1
583,363.55,250.59,57,1
584,21.49,406.41,59,0
585,265.35,172.87,47,0
586,324.29,387.59,79,1
587,285.85,164.21,91,0
588,42.34,10.41,43,0
589,168.99,447.17,22,1
590,160.51,327.31,47,0
591,155.32,80.59,88,0
592,99.13,268.29,84,0
593,393.93,194.64,65,1
594,337.01,423.02,78,1
595,256.0,196.6,76,0
596,428.01,433.2,29,1
597,29.92,215.36,93,0
598,250.26,409.93,57,1
599,389.68,88.24,56,0
600,194.32,268.93,66,0
601,198.72,43.5,86,0
602,470.41,22.21,29,0
603,193.03,406.1,39,1
604,222.62,19.81,88,0
605,142.61,56.48,21,0
606,73.99,238.79,71,0
607,197.45,381.54,32,1
608,36.29,332.45,85,0
609,63.76,313.93,79,0
610,146.68,38.86,65,0
611,12.41,428.76,71,0
612,450.31,122.21,54,1
613,329.41,397.1,50,1
614,48.76,163.79,93,0
615,415.38,251.07,27,1
616,30.4,329.44,93,0
617,473.26,280.76,25,1
618,334.99,158.18,84,0
619,187.64,104.08,57,0
620,229.28,110.05,87,0
621,379.85,393.64,82,1
622,252.14,150.25,55,0
623,64.82,224.81,89,0
624,162.62,323.72,64,0
625,43.22,296.36,79,0
626,68.25,136.2,45,0
627,82.43,385.73,53,0
628,308.31,477.96,80,1
629,385.42,173.66,23,0
630,475.41,372.18,82,1
631,292.36,294.73,38,1
632,404.19,180.07,42,1
633,483.36,272.84,43,1
634,12.3,462.89,63,0
635,96.82,351.56,94,0
636,395.5,106.03,75,0
637,118.73,64.42,54,0
638,464.75,324.58,87,1
639,15.84,409.68,23,0
640,240.58,109.28,89,0
641,376.31,288.08,24,1
642,320.73,22.53,59,0
643,492.48,392.44,76,1
644,447.97,260.04,78,1
645,326.77,433.44,32,1
646,12.23,86.67,78,0
647,102.18,31.78,34,0
648,292.74,37.35,37,0
649,443.42,452.16,79,1
650,380.71,178.12,88,1
651,187.1,348.9,82,1
652,129.49,132.26,38,0
653,205.39,229.1,29,0
654,438.06,498.49,22,1
655,499.16,61.57,32,1
656,106.82,371.61,24,0
657,79.68,189.79,88,0
658,63.28,122.01,64,0
659,81.8,44.21,76,0
660,223.97,250.08,90,0
661,70.43,23.87,73,0
662,496.03,37.61,86,1
663,303.38,234.51,24,0
664,493.41,289.98,63,1
665,433.09,381.17,52,1
666,351.81,221.96,29,1
667,15.29,11.04,33,0
668,310.64,79.98,35,0
669,61.14,362.1,39,0
670,149.03,269.99,50,0
671,448.09,377.3,39,1
672,450.83,244.67,93,1
673,63.5,177.52,79,0
674,310.86,385.86,80,1
675,275.7,32.86,48,0
676,334.64,380.77,83,1
677,142.78,114.95,88,0
678,287.23,248.56,54,1
679,157.79,127.35,53,0
680,287.22,84.42,24,0
681,11.66,252.66,72,0
682,264.12,426.7,63,1
683,67.39,133.04,70,0
684,461.9,284.94,44,1
685,261.0,13.29,55,0
686,204.14,122.99,75,0
687,236.04,187.3,54,0
688,352.62,469.1,86,1
689,499.19,75.39,74,1
690,322.44,223.47,73,1
691,324.54,406.36,38,1
692,257.31,108.99,71,0
693,422.16,33.9,82,0
694,90.07,454.01,41,1
695,64.42,91.49,69,0
696,170.21,387.91,44,1
697,146.88,312.69,33,0
698,125.03,168.26,60,0
699,233.9,495.98,71,1
700,422.46,126.98,38,1
701,13.39,189.34,37,0
702,450.1,336.14,68,1
703,46.75,69.95,26,0
704,103.55,465.64,84,1
705,357.28,490.59,44,1
706,252.32,301.69,79,1
707,450.56,287.87,51,1
708,93.61,460.75,52,1
709,283.95,41.98,33,0
710,368.66,417.25,35,1
711,77.47,374.25,64,0
712,317.29,187.98,27,0
713,201.12,386.69,22,1
714,87.47,86.61,25,0
715,362.61,28.0,39,0
716,79.93,416.45,41,0
717,430.7,123.87,86,1
718,123.46,489.5,35,1
719,344.21,483.96,82,1
720,39.0,253.45,32,0
721,293.17,309.85,27,1
722,473.26,55.07,64,1
723,163.84,296.78,51,0
724,341.06,226.39,46,1
725,181.36,23.69,75,0
726,282.46,399.23,40,1
727,373.62,68.44,85,0
728,63.37,115.24,67,0
729,377.52,342.55,46,1
730,76.23,402.8,75,0
731,248.74,432.26,42,1
732,59.7,236.16,80,0
733,352.32,218.19,86,1
734,169.8,125.99,30,0
735,307.71,411.94,29,1
736,398.45,220.68,88,1
737,367.14,459.59,20,1
738,236.48,46.25,88,0
739,389.5,498.28,29,1
740,493.05,127.34,25,1
741,443.53,75.05,53,0
742,242.15,307.28,32,0
743,137.49,222.97,30,0
744,388.59,74.34,24,0
745,409.23,478.36,37,1
746,356.34,110.65,79,0
747,386.48,136.1,94,1
748,370.09,251.0,26,1
749,202.73,245.24,61,0
750,87.2,114.02,87,0
751,60.15,341.18,22,0
752,289.06,485.8,45,1
753,173.25,458.02,34,1
754,390.73,184.72,68,1
755,103.9,490.65,57,1
756,227.41,354.41,24,1
757,171.82,493.5,49,1
758,447.35,144.04,28,1
759,275.25,83.53,33,0
760,249.57,213.29,25,0
761,97.64,145.71,41,0
762,235.61,219.82,88,0
763,442.79,243.11,63,1
764,272.38,33.67,78,0
765,228.34,386.13,85,1
766,246.25,305.21,53,1
767,396.17,34.85,63,0
768,212.57,40.46,23,0
769,244.55,367.68,83,1
770,56.17,366.42,23,0
771,467.96,116.18,87,1
772,36.66,482.09,61,0
773,487.0,179.57,80,1
774,246.92,36.1,64,0
775,493.53,106.09,48,1
776,496.2,85.3,89,1
777,208.77,460.75,89,1
778,13.61,476.94,67,0
779,228.17,194.2,76,0
780,293.57,62.82,58,0
781,440.02,218.22,59,1
782,387.14,317.08,62,1
783,283.59,382.19,70,1
784,301.02,71.11,76,0
785,61.92,289.57,52,0
786,291.91,349.82,20,1
787,63.65,53.53,81,0
788,427.08,322.85,64,1
789,376.88,14.32,35,0
790,370.63,66.19,25,0
791,34.04,170.66,22,0
792,29.29,493.68,33,0
793,84.25,204.02,70,0
794,170.36,225.98,93,0
795,431.06,199.51,53,1
796,318.83,88.22,70,0
797,227.15,39.04,92,0
798,148.52,270.96,85,0
799,461.67,82.98,35,0
800,253.93,409.88,61,1
801,37.36,481.75,32,0
802,281.81,238.33,74,1
803,408.78,111.5,71,1
804,147.76,272.92,83,0
805,428.53,257.99,69,1
806,168.73,296.18,73,0
807,334.96,494.21,28,1
808,85.88,375.05,26,0
809,237.89,13.65,50,0
810,398.39,397.55,92,1
811,442.19,180.82,77,1
812,131.78,214.14,29,0
813,143.05,94.43,86,0
814,182.31,76.03,46,0
815,487.71,262.9,44,1
816,247.82,196.32,44,0
817,413.14,357.14,30,1
818,242.19,348.72,35,1
819,450.19,108.51,55,1
820,21.64,232.87,43,0
821,237.82,136.83,76,0
822,290.46,333.88,43,1
823,69.44,344.79,50,0
824,468.75,202.82,66,1
825,353.05,373.88,65,1
826,35.98,353.06,22,0
827,102.16,178.06,57,0
828,45.68,282.37,88,0
829,139.79,143.55,77,0
830,329.13,95.18,90,0
831,260.24,181.22,66,0
832,303.97,76.34,54,0
833,289.73,15.22,30,0
834,467.83,392.07,35,1
835,332.46,53.88,33,0
836,46.88,192.31,77,0
837,377.79,66.79,76,0
838,227.51,202.5,28,0
839,382.92,96.56,75,0
840,11.52,279.29,46,0
841,258.03,386.1,34,1
842,191.32,98.33,93,0
843,91.2,495.34,49,1
844,405.07,176.04,39,1
845,409.43,412.49,61,1
846,63.86,479.04,27,0
847,287.91,92.12,76,0
848,142.26,313.97,64,0
849,337.27,269.66,58,1
850,246.72,233.5,92,0
851,398.74,32.16,42,0
852,388.17,417.63,48,1
853,447.27,406.8,52,1
854,414.04,104.65,31,0
855,16.08,292.65,63,0
856,481.68,140.96,83,1
857,220.86,474.51,20,1
858,124.26,361.83,76,0
859,455.03,107.15,47,1
860,119.96,10.32,66,0
861,393.44,281.06,90,1
862,338.7,27.38,38,0
863,252.54,263.55,43,0
864,467.41,193.0,22,1
865,164.63,309.49,63,0
866,314.25,363.71,51,1
867,185.98,130.07,44,0
868,455.36,184.55,94,1
869,174.96,253.88,65,0
870,91.95,403.17,37,0
871,284.75,455.0,31,1
872,388.92,228.46,85,1
873,429.25,65.65,59,0
874,475.67,488.53,81,1
875,320.61,417.01,60,1
876,457.32,184.78,81,1
877,91.37,324.48,77,0
878,106.23,39.09,52,0
879,365.54,167.38,29,0
880,10.43,72.88,75,0
881,458.99,340.45,63,1
882,490.89,246.78,21,1
883,142.15,393.92,69,1
884,28.76,81.93,63,0
885,16.77,60.21,73,0
886,447.23,126.24,70,1
887,84.72,411.0,90,1
888,57.54,31.77,34,0
889,55.35,25.6,51,0
890,155.65,319.01,39,0
891,199.06,110.24,81,0
892,229.19,79.42,74,0
893,363.32,167.31,41,0
894,171.66,128.03,77,0
895,343.93,158.56,75,0
896,499.06,202.76,47,1
897,437.89,76.13,92,1
898,224.26,102.28,52,0
899,114.91,138.55,67,0
900,410.71,301.04,49,1
901,60.61,285.42,59,0
902,187.9,374.04,33,1
903,40.38,72.78,91,0
904,377.97,109.96,91,0
905,221.1,258.19,78,0
906,437.74,314.79,94,1
907,309.31,411.88,38,1
908,76.55,414.68,43,0
909,411.69,85.5,66,0
910,131.7,49.66,58,0
911,343.81,496.8,70,1
912,381.79,445.68,77,1
913,167.41,135.21,75,0
914,377.12,345.89,51,1
915,416.61,465.28,62,1
916,48.12,361.78,59,0
917,493.09,71.3,56,1
918,224.55,314.78,67,1
919,67.1,147.82,38,0
920,229.61,243.49,22,0
921,417.32,338.63,46,1
922,211.97,433.15,76,1
923,428.52,418.45,27,1
924,94.15,338.27,80,0
925,289.96,465.89,82,1
926,425.94,224.01,25,1
927,124.3,408.09,29,0
928,300.04,257.42,75,1
929,99.43,22.79,74,0
930,272.4,138.97,42,0
931,458.41,443.91,73,1
932,21.26,16.68,67,0
933,146.93,36.71,69,0
934,187.59,386.59,49,1
935,411.11,153.78,40,1
936,435.51,205.64,67,1
937,202.17,55.64,64,0
938,54.24,486.5,37,0
939,262.95,477.71,23,1
940,457.68,29.21,44,0
941,13.41,308.49,32,0
942,434.81,10.79,58,0
943,116.14,494.62,54,1
944,400.33,408.94,50,1
945,383.96,131.44,56,0
946,46.19,485.7,84,1
947,439.09,236.09,76,1
948,427.11,443.78,65,1
949,179.24,120.34,91,0
950,349.02,410.95,40,1
951,278.92,490.1,61,1
952,388.46,244.74,77,1
953,46.88,22.95,84,0
954,466.47,450.31,48,1
955,32.49,400.63,65,0
956,106.54,409.34,26,0
957,143.02,243.2,83,0
958,375.52,53.2,60,0
959,409.96,210.1,40,1
960,117.98,214.17,94,0
961,340.59,456.88,22,1
962,293.9,342.31,33,1
963,388.77,381.35,38,1
964,72.27,366.71,31,0
965,82.53,266.09,90,0
966,195.51,273.15,43,0
967,117.96,490.52,48,1
968,469.43,317.67,87,1
969,124.15,391.16,77,1
970,159.11,335.17,25,0
971,230.29,461.66,57,1
972,182.73,237.94,58,0
973,434.99,107.91,52,1
974,133.34,88.45,55,0
975,455.45,120.27,42,1
976,304.84,64.87,50,0
977,26.81,173.98,39,0
978,494.16,452.69,63,1
979,26.35,118.04,50,0
980,122.83,43.25,20,0
981,48.25,463.54,37,0
982,464.75,487.12,72,1
983,422.37,266.66,58,1
984,183.92,61.66,28,0
985,318.99,262.54,82,1
986,420.47,55.86,93,0
987,407.04,271.46,43,1
988,95.86,276.23,68,0
989,113.68,406.39,49,0
990,188.56,213.77,48,0
991,396.04,59.89,75,0
992,63.93,153.97,84,0
993,204.48,478.43,78,1
994,442.7,409.19,49,1
995,226.78,18.51,68,0
996,296.24,160.47,93,0
997,319.35,262.88,29,1
998,140.32,282.85,71,0
999,110.66,387.22,45,0
1000,99.44,481.55,70,1
1001,44.79,365.69,31,0
1002,187.93,107.02,69,0
1003,33.76,376.61,56,0
1004,30.71,115.62,92,0
1005,78.22,175.11,69,0
1006,176.53,60.47,26,0
1007,172.3,488.31,92,1
1008,453.43,163.41,36,1
1009,454.91,258.9,30,1
1010,226.54,394.78,86,1
1011,163.04,203.39,40,0
1012,247.77,18.57,43,0
1013,469.67,240.58,94,1
1014,95.8,28.53,75,0
1015,173.41,377.82,46,1
1016,140.64,153.34,27,0
1017,327.07,202.05,86,1
1018,190.15,76.16,32,0
1019,284.6,487.46,87,1
1020,462.86,403.3,91,1
1021,115.83,131.74,64,0
1022,325.46,150.39,69,0
1023,44.58,206.64,48,0
1024,475.25,294.12,83,1
1025,391.16,196.39,90,1
1026,424.41,396.73,48,1
1027,367.44,293.35,75,1
1028,353.27,289.49,37,1
1029,358.74,311.92,70,1
1030,96.24,327.89,47,0
1031,174.2,382.01,45,1
1032,266.05,431.66,67,1
1033,216.76,418.18,47,1
1034,467.98,383.49,37,1
1035,178.4,377.03,85,1
1036,206.14,374.45,66,1
1037,301.99,320.95,25,1
1038,107.25,19.83,48,0
1039,332.18,102.75,82,0
1040,385.55,63.61,24,0
1041,113.91,316.78,68,0
1042,117.02,190.89,66,0
1043,321.74,371.63,25,1
1044,97.21,445.49,28,0
1045,12.67,255.27,91,0
1046,492.17,324.0,58,1
1047,409.11,220.55,91,1
1048,458.32,62.0,48,0
1049,41.68,171.68,49,0
1050,441.36,224.71,63,1
1051,231.0,406.97,25,1
1052,88.2,479.98,88,1
1053,77.6,313.48,84,0
1054,330.8,449.62,21,1
1055,385.64,365.69,38,1
1056,291.63,147.33,66,0
1057,314.95,57.39,26,0
1058,465.75,403.54,48,1
1059,37.22,485.13,56,0
1060,444.21,216.08,60,1
1061,435.74,398.83,72,1
1062,173.7,388.68,85,1
1063,41.68,276.8,76,0
1064,137.26,306.32,36,0
1065,389.88,62.69,92,0
1066,443.71,260.08,56,1
1067,229.11,449.11,75,1
1068,49.45,128.42,66,0
1069,201.09,76.71,29,0
1070,63.65,439.77,63,0
1071,85.69,275.52,94,0
1072,423.14,83.04,67,0
1073,487.69,168.07,43,1
1074,68.04,114.17,62,0
1075,60.15,294.02,37,0
1076,400.46,151.19,38,1
1077,489.4,309.68,87,1
1078,43.5,403.63,62,0
1079,476.39,108.14,68,1
1080,460.06,230.62,87,1
1081,411.2,317.75,28,1
1082,264.64,59.7,55,0
1083,265.91,273.96,23,0
1084,90.83,247.82,77,0
1085,333.01,278.66,39,1
1086,484.71,155.63,60,1
1087,40.21,100.21,89,0
1088,349.03,257.52,93,1
1089,425.19,89.75,75,1
1090,97.98,57.67,35,0
1091,24.22,180.58,73,0
1092,83.19,99.83,77,0
1093,217.92,270.53,23,0
1094,278.2,34.47,46,0
1095,362.87,233.88,23,1
1096,19.69,399.68,32,0
1097,371.98,173.94,36,0
1098,228.25,223.74,41,0
1099,241.04,371.62,42,1
1100,440.67,44.77,38,0
1101,433.68,471.1,63,1
1102,221.89,296.2,73,1
1103,51.24,73.77,20,0
1104,233.18,191.6,23,0
1105,285.3,44.38,57,0
1106,107.47,259.59,91,0
1107,155.22,137.64,43,0
1108,339.61,423.53,79,1
1109,389.43,230.58,20,1
1110,54.84,395.39,45,0
1111,274.88,257.25,56,1
1112,351.68,67.96,62,0
1113,429.47,260.48,34,1
1114,116.14,243.64,23,0
1115,386.99,66.65,21,0
1116,233.63,404.5,36,1
1117,132.56,480.83,21,1
1118,123.55,353.15,72,0
1119,370.49,220.64,90,1
1120,388.6,25.48,65,0
1121,222.81,175.18,41,0
1122,470.12,232.26,40,1
1123,488.21,124.82,88,1
1124,254.42,300.72,55,1
1125,144.56,40.83,66,0
1126,204.73,307.88,92,1
1127,328.03,163.43,94,1
1128,47.06,428.67,36,0
1129,207.73,265.57,72,0
1130,143.6,426.48,46,1
1131,243.72,402.07,66,1
1132,373.04,21.36,38,0
1133,344.96,147.24,49,0
1134,84.87,123.14,70,0
1135,413.46,349.28,69,1
1136,159.3,52.52,92,0
1137,156.25,268.85,24,0
1138,407.69,354.46,58,1
1139,185.88,150.1,92,0
1140,82.7,53.51,80,0
1141,356.11,416.13,77,1
1142,59.55,227.79,21,0
1143,223.0,472.48,37,1
1144,26.41,309.33,82,0
1145,176.93,311.75,78,0
1146,445.1,117.32,38,1
1147,22.58,319.37,82,0
1148,45.25,463.68,31,0
1149,343.9,274.3,29,1
1150,449.36,235.82,89,1
1151,262.02,234.05,24,0
1152,179.25,75.09,36,0
1153,24.96,467.15,74,0
1154,127.69,90.89,47,0
1155,152.87,432.03,27,1
1156,64.87,259.46,29,0
1157,285.48,421.54,74,1
1158,204.98,33.25,32,0
1159,421.94,237.93,55,1
1160,212.17,50.75,31,0
1161,105.16,330.83,83,0
1162,345.08,496.69,59,1
1163,342.57,438.39,57,1
1164,498.36,377.56,50,1
1165,257.93,370.13,94,1
1166,174.59,324.52,92,1
1167,451.63,443.9,48,1
1168,144.45,183.31,29,0
1169,393.98,81.93,30,0
1170,140.57,208.56,84,0
1171,261.27,380.9,70,1
1172,339.9,34.52,49,0
1173,168.58,17.4,44,0
1174,257.58,245.45,56,0
1175,237.06,163.9,29,0
1176,106.63,19.48,73,0
1177,499.1,296.52,30,1
1178,285.14,28.91,92,0
1179,122.74,81.71,48,0
1180,272.91,407.48,92,1
1181,181.92,200.13,63,0
1182,272.96,181.26,92,0
1183,399.64,431.16,91,1
1184,164.34,164.11,67,0
1185,216.65,254.72,25,0
1186,397.38,342.26,75,1
1187,27.18,123.13,44,0
1188,175.51,170.58,78,0
1189,391.13,112.22,85,1
1190,27.42,238.9,77,0
1191,11.2,359.83,68,0
1192,59.65,446.38,37,0
1193,346.64,404.12,24,1
1194,156.86,194.94,91,0
1195,277.17,282.71,47,1
1196,406.08,356.18,85,1
1197,220.72,124.53,79,0
1198,249.19,270.4,50,0
1199,232.56,451.98,26,1
1200,278.72,19.41,36,0
